{
  "meta": {
    "alphas": [
      0.0,
      0.3,
      0.6,
      0.9
    ],
    "seeds": [
      1,
      2,
      3,
      4,
      5
    ],
    "n_train": 40,
    "n_val": 12,
    "n_test": 20,
    "gnn": {
      "hidden": 16,
      "epochs": 600,
      "lr": 0.02,
      "weight_decay": 0.003,
      "patience": 60
    },
    "rf": {
      "n_estimators": 300,
      "max_depth": 10
    }
  },
  "agg": {
    "alpha=0.0 (control)": {
      "Bayes-optimal (ceiling)": {
        "roc_mean": 0.7555182132639471,
        "roc_std": 0.017750387962645494,
        "pr_mean": 0.7283496545839792,
        "pr_std": 0.016126196930893604,
        "roc_per_seed": [
          0.7786,
          0.7507,
          0.7493,
          0.7282,
          0.7707
        ]
      },
      "Heuristic": {
        "roc_mean": 0.748308006828861,
        "roc_std": 0.018397726535414785,
        "pr_mean": 0.71666930054016,
        "pr_std": 0.01572493515957155,
        "roc_per_seed": [
          0.7707,
          0.7409,
          0.7484,
          0.7182,
          0.7633
        ]
      },
      "RandomForest": {
        "roc_mean": 0.724805335934652,
        "roc_std": 0.016630291557498202,
        "pr_mean": 0.6831705982406218,
        "pr_std": 0.019156083035795444,
        "roc_per_seed": [
          0.7527,
          0.7223,
          0.7197,
          0.7011,
          0.7282
        ]
      },
      "RiskGNN": {
        "roc_mean": 0.7336799852980702,
        "roc_std": 0.026553330713989545,
        "pr_mean": 0.6970428516658674,
        "pr_std": 0.02767952661941759,
        "roc_per_seed": [
          0.7702,
          0.7308,
          0.7173,
          0.6953,
          0.7548
        ]
      }
    },
    "alpha=0.3": {
      "Bayes-optimal (ceiling)": {
        "roc_mean": 0.7629318704026018,
        "roc_std": 0.014762139618351842,
        "pr_mean": 0.7931049229924629,
        "pr_std": 0.01143832133887757,
        "roc_per_seed": [
          0.785,
          0.7517,
          0.7661,
          0.7424,
          0.7694
        ]
      },
      "Heuristic": {
        "roc_mean": 0.7497985020063906,
        "roc_std": 0.015392171977270087,
        "pr_mean": 0.7769175882348549,
        "pr_std": 0.011567489774037733,
        "roc_per_seed": [
          0.7675,
          0.7401,
          0.7566,
          0.7248,
          0.76
        ]
      },
      "RandomForest": {
        "roc_mean": 0.723540097903152,
        "roc_std": 0.015317633353723298,
        "pr_mean": 0.7488909707412998,
        "pr_std": 0.01526361470064898,
        "roc_per_seed": [
          0.7444,
          0.7208,
          0.7141,
          0.7018,
          0.7366
        ]
      },
      "RiskGNN": {
        "roc_mean": 0.740017228205728,
        "roc_std": 0.017609101874258324,
        "pr_mean": 0.765723886194947,
        "pr_std": 0.017089176762872846,
        "roc_per_seed": [
          0.7656,
          0.726,
          0.7386,
          0.7169,
          0.7529
        ]
      }
    },
    "alpha=0.6": {
      "Bayes-optimal (ceiling)": {
        "roc_mean": 0.774974570818549,
        "roc_std": 0.023091402850697308,
        "pr_mean": 0.857467824060584,
        "pr_std": 0.023045176808340423,
        "roc_per_seed": [
          0.8016,
          0.7443,
          0.7608,
          0.766,
          0.8021
        ]
      },
      "Heuristic": {
        "roc_mean": 0.748178946598447,
        "roc_std": 0.021102036673359685,
        "pr_mean": 0.834621101229342,
        "pr_std": 0.021637339513000522,
        "roc_per_seed": [
          0.7589,
          0.7319,
          0.7295,
          0.7358,
          0.7848
        ]
      },
      "RandomForest": {
        "roc_mean": 0.7133294130900714,
        "roc_std": 0.02447340769459567,
        "pr_mean": 0.8069303273277072,
        "pr_std": 0.01915967484515797,
        "roc_per_seed": [
          0.7269,
          0.7141,
          0.6806,
          0.6945,
          0.7505
        ]
      },
      "RiskGNN": {
        "roc_mean": 0.7508022404088768,
        "roc_std": 0.01851294042955905,
        "pr_mean": 0.8396426579429617,
        "pr_std": 0.024073111910299344,
        "roc_per_seed": [
          0.7703,
          0.7298,
          0.7368,
          0.7415,
          0.7756
        ]
      }
    },
    "alpha=0.9": {
      "Bayes-optimal (ceiling)": {
        "roc_mean": 0.7933781990172488,
        "roc_std": 0.015757400277303903,
        "pr_mean": 0.9096613000862893,
        "pr_std": 0.01436226518663135,
        "roc_per_seed": [
          0.8148,
          0.7685,
          0.7925,
          0.7869,
          0.8042
        ]
      },
      "Heuristic": {
        "roc_mean": 0.7306318017783839,
        "roc_std": 0.01796501211016237,
        "pr_mean": 0.874157884821264,
        "pr_std": 0.015510380280286387,
        "roc_per_seed": [
          0.7431,
          0.7161,
          0.7144,
          0.7195,
          0.76
        ]
      },
      "RandomForest": {
        "roc_mean": 0.6974685977334578,
        "roc_std": 0.022582669978349745,
        "pr_mean": 0.8561400918836453,
        "pr_std": 0.006803115500436328,
        "roc_per_seed": [
          0.7067,
          0.7046,
          0.7007,
          0.6544,
          0.7209
        ]
      },
      "RiskGNN": {
        "roc_mean": 0.7668409878061373,
        "roc_std": 0.013188895772354112,
        "pr_mean": 0.8939151828703883,
        "pr_std": 0.016510007970221466,
        "roc_per_seed": [
          0.7857,
          0.7494,
          0.7621,
          0.7591,
          0.7781
        ]
      }
    }
  }
}