{
  "n_total": 8000,
  "n_test": 2400,
  "positive_rate": 0.430625,
  "holdout_metrics": {
    "Random": {
      "roc_auc": 0.5153039695733069,
      "pr_auc": 0.4372079590667533,
      "brier": 0.3234285844078891,
      "precision": 0.441025641025641,
      "recall": 0.4990328820116054,
      "f1": 0.46823956442831216,
      "tn": 712,
      "fp": 654,
      "fn": 518,
      "tp": 516
    },
    "Heuristic (linear)": {
      "roc_auc": 0.8062323178830453,
      "pr_auc": 0.7559304460267413,
      "brier": 0.19789475501117101,
      "precision": 0.6041958041958042,
      "recall": 0.8355899419729207,
      "f1": 0.7012987012987013,
      "tn": 800,
      "fp": 566,
      "fn": 170,
      "tp": 864
    },
    "Logistic Regression": {
      "roc_auc": 0.811963518553656,
      "pr_auc": 0.7586843016185825,
      "brier": 0.17418728923832477,
      "precision": 0.7254901960784313,
      "recall": 0.6798839458413927,
      "f1": 0.7019470793809286,
      "tn": 1100,
      "fp": 266,
      "fn": 331,
      "tp": 703
    },
    "Random Forest": {
      "roc_auc": 0.8030782105343646,
      "pr_auc": 0.748570721527119,
      "brier": 0.17843277074572195,
      "precision": 0.7009249743062693,
      "recall": 0.6595744680851063,
      "f1": 0.6796213253612357,
      "tn": 1075,
      "fp": 291,
      "fn": 352,
      "tp": 682
    }
  },
  "rf_cv_auc_mean": 0.810203304555354,
  "rf_cv_auc_std": 0.005800146831422327,
  "rf_cv_auc_folds": [
    0.8179,
    0.8081,
    0.8048,
    0.8039,
    0.8163
  ],
  "ablation": {
    "safety/ASIL": {
      "auc_without": 0.6449919430434057,
      "auc_drop": 0.1580862674909589
    },
    "integration": {
      "auc_without": 0.7839726743148755,
      "auc_drop": 0.019105536219489072
    },
    "structural": {
      "auc_without": 0.7582520085752072,
      "auc_drop": 0.04482620195915732
    },
    "maturity": {
      "auc_without": 0.7981328817284083,
      "auc_drop": 0.004945328805956217
    }
  },
  "noise_robustness_rf_auc": {
    "0.5": 0.9319709989054032,
    "1.0": 0.8190549850038609,
    "1.5": 0.7327521471669681,
    "2.0": 0.6728280108117681,
    "3.0": 0.6416086779566799
  },
  "rf_feature_importance": {
    "safety_related": 0.2505964332259389,
    "min_maturity": 0.161124022307695,
    "signals": 0.1250616092428533,
    "tgt_in_cycle": 0.0983023888754557,
    "tgt_fan_in": 0.08275159704013575,
    "src_fan_out": 0.08174973941900535,
    "max_asil_rank": 0.07008758870842734,
    "protocol_mismatch_risk": 0.06053212985890864,
    "timing_critical": 0.036455544090995246,
    "supplier_boundary": 0.03333894723058486
  }
}